epoch,time,train/box_loss,train/cls_loss,train/dfl_loss,metrics/precision(B),metrics/recall(B),metrics/mAP50(B),metrics/mAP50-95(B),val/box_loss,val/cls_loss,val/dfl_loss,lr/pg0,lr/pg1,lr/pg2
1,24.4326,1.12215,3.05489,1.69976,0.00432,1,0.4844,0.24299,1.27576,3.67219,1.92862,0.000493926,0.000493926,0.000493926
2,48.6661,1.03713,2.60443,1.52224,0.00653,1,0.22857,0.06422,1.16707,3.73237,1.75267,0.00102881,0.00102881,0.00102881
3,72.5891,1.08854,2.33477,1.52904,0.01163,1,0.41582,0.26012,0.72705,3.37034,1.44219,0.00154169,0.00154169,0.00154169
4,96.2859,1.15454,2.20929,1.6216,0.00925,0.9,0.3825,0.22813,0.96764,3.64106,1.69834,0.00156798,0.00156798,0.00156798
5,120.585,1.25426,2.07244,1.71174,0.00857,0.94737,0.33344,0.21463,1.70964,3.80294,2.38742,0.00153497,0.00153497,0.00153497
6,144.078,1.0939,1.74556,1.55315,0.00831,1,0.29125,0.14391,1.55722,4.00908,2.63371,0.00150197,0.00150197,0.00150197
7,167.025,1.19017,1.68644,1.70461,0.00555,0.89474,0.16422,0.06755,1.70011,3.89846,2.30397,0.00146896,0.00146896,0.00146896
8,191.135,1.17222,1.5844,1.64575,0.04644,0.5,0.36169,0.21841,1.25485,3.62718,2.03386,0.00143595,0.00143595,0.00143595
9,214.685,1.05958,1.51173,1.61697,0.99573,0.34211,0.42569,0.32609,0.98624,2.66156,1.63331,0.00140295,0.00140295,0.00140295
10,238.295,0.97845,1.39503,1.47606,1,0.44032,0.58305,0.37952,1.00651,2.50781,1.55886,0.00136994,0.00136994,0.00136994
11,261.849,1.08013,1.42869,1.52414,0.98292,0.44737,0.50797,0.40619,0.72658,2.29266,1.31942,0.00133693,0.00133693,0.00133693
12,285.528,1.01861,1.32409,1.48805,0.97351,0.47056,0.56078,0.39956,0.90801,1.91876,1.68375,0.00130393,0.00130393,0.00130393
13,308.41,0.96061,1.45523,1.47677,0.99769,0.44737,0.53472,0.34842,1.04337,2.0381,2.00175,0.00127092,0.00127092,0.00127092
14,331.343,0.91074,1.29673,1.39759,0.93636,0.44737,0.50173,0.37095,0.86589,2.30726,1.52357,0.00123791,0.00123791,0.00123791
15,354.887,0.91729,1.2919,1.428,0.88228,0.44737,0.56358,0.4244,0.79015,2.67775,1.37206,0.00120491,0.00120491,0.00120491
16,378.274,0.88549,1.21639,1.41074,0.96032,0.47368,0.57266,0.41118,0.93977,2.51208,1.75641,0.0011719,0.0011719,0.0011719
17,401.468,0.90597,1.27707,1.41671,0.99624,0.5,0.56984,0.38952,1.05529,2.20292,1.82013,0.00113889,0.00113889,0.00113889
18,424.262,0.90489,1.20267,1.38471,0.68442,0.7,0.65055,0.43588,0.89006,1.89799,1.57745,0.00110589,0.00110589,0.00110589
19,447.12,0.93334,1.18414,1.42172,1,0.49201,0.58837,0.43679,0.83543,1.76482,1.48904,0.00107288,0.00107288,0.00107288
20,470.004,0.90522,1.12237,1.45855,0.94968,0.5,0.57876,0.40523,0.85279,1.75288,1.46547,0.00103987,0.00103987,0.00103987
21,492.881,0.93935,1.09173,1.45845,0.47026,0.59899,0.58139,0.42417,0.7816,1.72402,1.36815,0.00100687,0.00100687,0.00100687
22,515.597,0.87868,1.08247,1.39763,0.67641,0.7,0.63238,0.46084,0.68688,1.4778,1.27568,0.000973861,0.000973861,0.000973861
23,538.818,0.92262,1.18035,1.37884,0.57072,0.7,0.61355,0.47883,0.62389,1.50457,1.20356,0.000940855,0.000940855,0.000940855
24,561.645,0.94754,1.15617,1.46196,0.50699,0.70705,0.68485,0.48998,0.65357,1.5031,1.22161,0.000907848,0.000907848,0.000907848
25,584.532,0.85017,1.12432,1.36873,0.90277,0.8,0.845,0.50636,0.8014,1.45388,1.38169,0.000874842,0.000874842,0.000874842
26,607.639,0.83611,0.9768,1.3119,0.9219,0.78709,0.85167,0.57513,0.72521,1.37486,1.30019,0.000841835,0.000841835,0.000841835
27,630.75,0.84908,1.03201,1.30581,0.74182,0.8,0.8827,0.61918,0.72443,1.47503,1.27519,0.000808828,0.000808828,0.000808828
28,653.779,0.88267,1.04209,1.38544,0.7879,0.96791,0.91286,0.63752,0.68386,1.49485,1.228,0.000775822,0.000775822,0.000775822
29,676.269,0.7834,0.98871,1.31872,0.83965,0.80154,0.93056,0.62603,0.61902,1.48123,1.19809,0.000742815,0.000742815,0.000742815
30,698.92,0.94402,0.97829,1.4506,0.77373,0.8,0.86545,0.59962,0.6385,1.42849,1.2341,0.000709809,0.000709809,0.000709809
31,721.328,0.81349,0.98991,1.38188,0.68886,0.8,0.75609,0.55511,0.62452,1.33964,1.20631,0.000676802,0.000676802,0.000676802
32,743.787,0.77499,1.01223,1.32134,0.73317,0.8,0.7475,0.56005,0.59874,1.25274,1.16524,0.000643795,0.000643795,0.000643795
33,766.278,0.79214,0.96401,1.34905,0.87861,0.89769,0.85167,0.59553,0.68633,1.26954,1.26994,0.000610789,0.000610789,0.000610789
34,788.768,0.77782,0.98317,1.31311,0.84665,0.9,0.85423,0.61082,0.66011,1.21138,1.22947,0.000577782,0.000577782,0.000577782
35,811.048,0.7235,0.91407,1.26619,0.84767,0.9,0.87881,0.61263,0.645,1.10749,1.20175,0.000544776,0.000544776,0.000544776
36,833.49,0.68737,0.86586,1.22301,0.90053,0.9,0.92441,0.65359,0.6347,1.04805,1.19106,0.000511769,0.000511769,0.000511769
37,855.728,0.71258,0.91851,1.27481,0.9809,0.8679,0.93346,0.66956,0.58381,0.97127,1.14244,0.000478762,0.000478762,0.000478762
38,878.424,0.75889,0.9032,1.28256,0.86548,0.82274,0.90833,0.67668,0.55902,0.96652,1.12094,0.000445756,0.000445756,0.000445756
39,910.029,0.72238,0.93289,1.25406,0.98777,0.78532,0.90214,0.6493,0.58271,0.96679,1.14034,0.000412749,0.000412749,0.000412749
40,934.242,0.66984,0.85093,1.23188,0.81932,0.90035,0.94643,0.67835,0.6302,0.955,1.19667,0.000379743,0.000379743,0.000379743
41,957.285,0.51848,0.99523,1.14297,0.89319,1,0.97833,0.63813,0.75307,1.07483,1.31413,0.000346736,0.000346736,0.000346736
42,979.947,0.53223,0.99758,1.18014,0.98743,0.96819,0.995,0.62129,0.76892,1.08538,1.31039,0.000313729,0.000313729,0.000313729
43,1002.31,0.5107,1.01249,1.14135,0.98557,0.97662,0.995,0.63027,0.69461,1.06961,1.2285,0.000280723,0.000280723,0.000280723
44,1024.9,0.49931,0.96932,1.13329,0.9838,0.97126,0.995,0.64877,0.62919,1.04262,1.16493,0.000247716,0.000247716,0.000247716
45,1047.03,0.46473,0.92902,1.10471,0.98221,0.97362,0.995,0.64489,0.57827,1.00514,1.11695,0.00021471,0.00021471,0.00021471
46,1069.22,0.53329,0.98869,1.15511,0.96688,1,0.995,0.67179,0.54834,0.98358,1.09283,0.000181703,0.000181703,0.000181703
47,1091.37,0.49084,0.97543,1.16707,0.9797,1,0.995,0.67762,0.55001,0.97375,1.09802,0.000148696,0.000148696,0.000148696
48,1113.5,0.53297,0.97011,1.20923,0.98201,0.8965,0.97833,0.67994,0.57821,0.97103,1.13103,0.00011569,0.00011569,0.00011569
49,1135.79,0.5341,0.93601,1.22653,0.98247,0.94563,0.995,0.68227,0.62905,0.96212,1.19161,8.26832e-05,8.26832e-05,8.26832e-05
50,1157.98,0.39834,0.88282,1.05672,0.98143,0.9,0.97833,0.67431,0.6444,0.96079,1.20541,4.96766e-05,4.96766e-05,4.96766e-05
